País,asociados,Flujo comercial,Grupos de Productos,Indicador,2015,2016,2017,2018,2019,2020
China,Afganistán,Exportación,  All Products,exportación Valor del comercio (en miles de US$),"361819,889","430653,261","541205,985","667589,88","599799,484","500680,466"
China,Albania,Exportación,  All Products,exportación Valor del comercio (en miles de US$),"430190,806","506540,419","454033,529","539905,479","601093,182","571223,967"
China,Alemania,Exportación,  All Products,exportación Valor del comercio (en miles de US$),"69154833,61","65214030,65","71134400,1","77489342,16","79789085,19","86807061,05"
China,Andorra,Exportación,  All Products,exportación Valor del comercio (en miles de US$),"1284,622","1279,466","1270,964","1866,569","2553,569","3400,568"
China,Angola,Exportación,  All Products,exportación Valor del comercio (en miles de US$),"3717145,883","1680398,624","2257453,225","2253137,107","2055727,417","1748092,204"
China,Antigua y Barbuda,Exportación,  All Products,exportación Valor del comercio (en miles de US$),"53070,077","133431,186","44869,624","55360,23","71936,357","91316,077"
China,Arabia Saudita,Exportación,  All Products,exportación Valor del comercio (en miles de US$),"21612927,98","18650906,5","18375008,21","17428036,04","23876505,59","28094807,84"
China,Argelia,Exportación,  All Products,exportación Valor del comercio (en miles de US$),"7583347,042","7647851,142","6784746,25","7926453,796","6941782,829","5596322,062"
China,Argentina,Exportación,  All Products,exportación Valor del comercio (en miles de US$),"8805106,457","7200837,601","9067210,848","8418070,603","6884154,384","7083804,68"
China,Armenia,Exportación,  All Products,exportación Valor del comercio (en miles de US$),"112400,45","111083,094","143851,698","213183,6","223093,382","222790,257"
China,Aruba,Exportación,  All Products,exportación Valor del comercio (en miles de US$),"48278,051","25247,1","24302,076","32369,729","38994,192","35784,056"
China,Australia,Exportación,  All Products,exportación Valor del comercio (en miles de US$),"40306508,77","37282496,55","41438227,66","47330059,33","48229553,59","53468167,17"
China,Austria,Exportación,  All Products,exportación Valor del comercio (en miles de US$),"2497728,917","2240082,602","2527128,524","2827536,774","3047771,143","3406365,736"
China,Azerbaiyán,Exportación,  All Products,exportación Valor del comercio (en miles de US$),"439145,357","345883,254","386971,46","515927,9","616391,737","617867,33"
China,Bahamas,Exportación,  All Products,exportación Valor del comercio (en miles de US$),"1585371,87","359494,1","278492,711","480030,354","355470,072","277829,866"
China,Bahrein,Exportación,  All Products,exportación Valor del comercio (en miles de US$),"1011846,267","790491,394","902519,415","1135521,751","1484146,634","1120247,091"
China,Bangladesh,Exportación,  All Products,exportación Valor del comercio (en miles de US$),"13894707,66","14300635,41",15169021,"17753058,74","17323286,47","15075630,65"
China,Barbados,Exportación,  All Products,exportación Valor del comercio (en miles de US$),"65197,184","72307,642","107797,967","136730,845","156135,079","79095,659"
China,Belarús,Exportación,  All Products,exportación Valor del comercio (en miles de US$),"748901,088","1090019,147","933361,512","1141588,557","1799069,2","2113223,541"
China,Bélgica,Exportación,  All Products,exportación Valor del comercio (en miles de US$),"16208313,16","14731455,11","15738121,29","17055064,98","18234318,68","20751809,14"
China,Belice,Exportación,  All Products,exportación Valor del comercio (en miles de US$),"78496,871","89967,453","87246,99","92665,989","116828,558","103860,251"
China,Benin,Exportación,  All Products,exportación Valor del comercio (en miles de US$),"2989072,543","2039435,616","1926508,591","2149947,724","2152518,547","988381,359"
China,Bermudas,Exportación,  All Products,exportación Valor del comercio (en miles de US$),"364827,241","230173,553","132024,205","169297,717","36894,203","35588,655"
China,Bhután,Exportación,  All Products,exportación Valor del comercio (en miles de US$),"8115,657","4828,959","6238,154","12833,463","10910,415","13561,213"
China,Bolivia,Exportación,  All Products,exportación Valor del comercio (en miles de US$),"568845,952","609869,756","729173,078","836168,829","854148,191","687775,718"
China,Bonaire,Exportación,  All Products,exportación Valor del comercio (en miles de US$),"422,215","667,182","1117,439","635,526","10,073","4,09"
China,Bosnia y Herzegovina,Exportación,  All Products,exportación Valor del comercio (en miles de US$),"59978,105","64026,82","78816,751","109717,605","115164,881","120101,901"
China,Botswana,Exportación,  All Products,exportación Valor del comercio (en miles de US$),"224841,273","209573,218","232699,71","281603,044","301458,57","235431,928"
China,Brasil,Exportación,  All Products,exportación Valor del comercio (en miles de US$),"27412225,43","21976152,77","28950538,24","33665139,19","35539063,91","34953227,53"
China,Brunei Darussalam,Exportación,  All Products,exportación Valor del comercio (en miles de US$),"1407408,747","510852,391","637592,774","1591947,673","649865,127","466218,267"
China,Bulgaria,Exportación,  All Products,exportación Valor del comercio (en miles de US$),"1043259,427","1055552,573","1169047,355","1440253,159","1554787,822","1547027,44"
China,Burkina Faso,Exportación,  All Products,exportación Valor del comercio (en miles de US$),"123836,631","140997,482","183049,294","222995,515","261612,964","322521,458"
China,Burundi,Exportación,  All Products,exportación Valor del comercio (en miles de US$),"40088,753","45047,488","45252,632","37323,909","66388,41","73966,173"
China,Cabo Verde,Exportación,  All Products,exportación Valor del comercio (en miles de US$),"43300,195","48671,438","69239,87","78265,751","64166,991","77836,679"
China,Camboya,Exportación,  All Products,exportación Valor del comercio (en miles de US$),"3763390,571","3928684,744","4783198,403","6007522,816","7981530,879","8054487,482"
China,Camerún,Exportación,  All Products,exportación Valor del comercio (en miles de US$),"1833294,503","1557030,056","1388611,486","1694219,829","1670169,625","2022462,89"
China,Canadá,Exportación,  All Products,exportación Valor del comercio (en miles de US$),"29422642,32","27312227,87","31375454,69","35153242,97","36931958,47","42094313,39"
China,Chad,Exportación,  All Products,exportación Valor del comercio (en miles de US$),"123549,95","93572,312","115364,034","184585,137","279106,802","298320,679"
China,Chile,Exportación,  All Products,exportación Valor del comercio (en miles de US$),"13290323,5","12802834,39","14409849,16","15873631,08","14711838,59","15336289,7"
China,Chipre,Exportación,  All Products,exportación Valor del comercio (en miles de US$),"589668,76","461848,63","524306,881","738123,995","580809,891","893105,043"
China,Colombia,Exportación,  All Products,exportación Valor del comercio (en miles de US$),"7580792,713","6752372,928","7439749,642","8717649,793","9234149,969","9320163,033"
China,Comoras,Exportación,  All Products,exportación Valor del comercio (en miles de US$),"45703,403","48374,932","67758,298","79195,763","73684,891","50536,987"
China,"Congo, Rep. del",Exportación,  All Products,exportación Valor del comercio (en miles de US$),"1035422,06","740629,564","497835,733","445960,992","435095,402","596300,053"
China,"Congo, Rep. Dem. del",Exportación,  All Products,exportación Valor del comercio (en miles de US$),"1408678,482","992466,991","969983,161","1773248,149","2076795,634","2013411,042"
China,"Corea, Rep. de",Exportación,  All Products,exportación Valor del comercio (en miles de US$),"101286384,2","93707103,46","102703776,6",108756144,"110974410,4","112476215,9"
China,"Corea, Rep. Dem. de",Exportación,  All Products,exportación Valor del comercio (en miles de US$),"2942917,107","2841206,355","3245097,511","2217062,02","2573789,925","490967,988"
China,Costa Rica,Exportación,  All Products,exportación Valor del comercio (en miles de US$),"1330677,283","1494675,738","1495083,265","1662733,837","1521332,211","1535659,257"
China,Côte d'Ivoire,Exportación,  All Products,exportación Valor del comercio (en miles de US$),"1554436,952","1584526,951","1692544,965","1891789,145","2041569,324","2333548,18"
China,Croacia,Exportación,  All Products,exportación Valor del comercio (en miles de US$),"985561,959","1016752,933","1159640,718","1327161,765","1396821,033","1566720,929"
China,Cuba,Exportación,  All Products,exportación Valor del comercio (en miles de US$),"1886371,556","1783014,082","1357042,195","1075538,308","790926,142","483292,517"
China,Curacao,Exportación,  All Products,exportación Valor del comercio (en miles de US$),"91284,925","72454,298","74013,418","69691,179","58958,25","50271,104"
China,Dinamarca,Exportación,  All Products,exportación Valor del comercio (en miles de US$),"6151125,353","5403747,138","6511017,642","7291749,105","6749860,91","7464243,692"
China,Djibouti,Exportación,  All Products,exportación Valor del comercio (en miles de US$),"1980815,513","2148396,599","2175409,974","1863779,312","2206385,569","2310111,786"
China,Dominica,Exportación,  All Products,exportación Valor del comercio (en miles de US$),"30755,535","33447,348","49128,139","34496,779","33749,008","21059,394"
China,Ecuador,Exportación,  All Products,exportación Valor del comercio (en miles de US$),"2891415,662","2257103,301","2963208,185","3717829,868","3628574,265","3252314,42"
China,"Egipto, Rep. Árabe de",Exportación,  All Products,exportación Valor del comercio (en miles de US$),"11958576,94","10436255,85","9485643,131","11987207,51","12200705,39","13627746,81"
China,El Salvador,Exportación,  All Products,exportación Valor del comercio (en miles de US$),"726685,145","771998,166","772552,245","927224,392","1001251,496","938235,804"
China,Emiratos Árabes Unidos,Exportación,  All Products,exportación Valor del comercio (en miles de US$),"37020164,37","30066955,63","28723965,34","29651248,09","33412894,76","32310092,21"
China,Eritrea,Exportación,  All Products,exportación Valor del comercio (en miles de US$),"134303,501","69320,97","42947,305","42844,836","48542,506","70486,19"
China,Eslovenia,Exportación,  All Products,exportación Valor del comercio (en miles de US$),"2091734,751","2269426,806","2886929,825","4424233,623","3411523,282","3452194,03"
China,España,Exportación,  All Products,exportación Valor del comercio (en miles de US$),"21855810,76","21310945,57","22918279,28","24955165,38","26899372,44","27517998,27"
China,Estados Unidos,Exportación,  All Products,exportación Valor del comercio (en miles de US$),"409979244,4","385677759,4","430328146,5","479278747,2","419322648,6","452492876,3"
China,Estonia,Exportación,  All Products,exportación Valor del comercio (en miles de US$),"953287,539","963644,014","1006352,315","1031507,305","922324,808","863880,707"
China,Eswatini,Exportación,  All Products,exportación Valor del comercio (en miles de US$),"30567,448","42424,363","34227,955","36402,059","42483,941","39892,184"
China,Etiopía (excluida Eritrea),Exportación,  All Products,exportación Valor del comercio (en miles de US$),"3440867,341","3214476,645","2664554,88","2530872,058","2323499,016","2233306,803"
China,Federación de Rusia,Exportación,  All Products,exportación Valor del comercio (en miles de US$),"34756877,25","37339600,74","42830599,82","47965272,79","49748486,51","50504392,05"
China,Fiji,Exportación,  All Products,exportación Valor del comercio (en miles de US$),"326745,602","383776,419","365495,101","456669,99","350294,094","322177,709"
China,Filipinas,Exportación,  All Products,exportación Valor del comercio (en miles de US$),"26670791,21","29836566,66","32065932,45","35036641,69","40763851,93","41880388,82"
China,Finlandia,Exportación,  All Products,exportación Valor del comercio (en miles de US$),"3541291,045","2875367,693","2845701,253","3085764,482","3044486,384","2949767,71"
China,Francia,Exportación,  All Products,exportación Valor del comercio (en miles de US$),"27051526,5","24958617,48","27963501,96","31085267,74","33331864,15","37335184,95"
China,Gabón,Exportación,  All Products,exportación Valor del comercio (en miles de US$),"665415,087","377186,726","446190,755","385857,934","377261,997","415439,119"
China,Gambia,Exportación,  All Products,exportación Valor del comercio (en miles de US$),"330097,246","315083,868","398652,57","426190,569","512480,767","535660,037"
China,Georgia,Exportación,  All Products,exportación Valor del comercio (en miles de US$),"768675,246","745243,603","912618,656","1095539,847","1401748,362","1275672,257"
China,Ghana,Exportación,  All Products,exportación Valor del comercio (en miles de US$),"5308877,832","4666604,087","4824797,038","4813948,402","4903256,486","6756191,472"
China,Gibraltar,Exportación,  All Products,exportación Valor del comercio (en miles de US$),"196911,1","7159,967","3969,239","2757,191","4451,103","2984,844"
China,Granada,Exportación,  All Products,exportación Valor del comercio (en miles de US$),"9927,245","7325,415","10699,75","13145,871","14589,898","15407,757"
China,Grecia,Exportación,  All Products,exportación Valor del comercio (en miles de US$),"3664980,363","4201429,389","4751381,411","6498320,34","7740115,331","7036561,548"
China,Groenlandia,Exportación,  All Products,exportación Valor del comercio (en miles de US$),"80,838","428,834","2493,065","3974,187","1007,837","1596,808"
China,Guatemala,Exportación,  All Products,exportación Valor del comercio (en miles de US$),"2052662,98","1854815,264","1959399,855","2332891,573","2399670,445","2472503,058"
China,Guinea,Exportación,  All Products,exportación Valor del comercio (en miles de US$),"1277088,833","1144424,259","1239956,655","1353497,391","1717429,222","1911678,247"
China,Guinea Ecuatorial,Exportación,  All Products,exportación Valor del comercio (en miles de US$),"261389,919","148253,831","166217,956","145146,401","113204,451","122120,216"
China,Guinea-Bissau,Exportación,  All Products,exportación Valor del comercio (en miles de US$),"17482,677","21236,46","33724,346","29831,705","31938,678","51430,636"
China,Guyana,Exportación,  All Products,exportación Valor del comercio (en miles de US$),"158948,083","178293,313","188638,049","222033,87","272914,331","265469,909"
China,Haití,Exportación,  All Products,exportación Valor del comercio (en miles de US$),"434223,602","453907,808","532573,667","615900,51","560834,575","709270,877"
China,Honduras,Exportación,  All Products,exportación Valor del comercio (en miles de US$),"853791,995","720486,183","844819,93","987730,881","940460,276","922864,011"
China,Hong Kong (China),Exportación,  All Products,exportación Valor del comercio (en miles de US$),"330462787,2","287251662,3","279210546,5","301701551,2",278825298,"271708494,7"
China,Hungría,Exportación,  All Products,exportación Valor del comercio (en miles de US$),"5197452,275","5422687,552","6049345,107","6540213,642","6472855,061","7403703,573"
China,India,Exportación,  All Products,exportación Valor del comercio (en miles de US$),"58228027,09","58397760,57","68042252,51","76675655,64","74825299,13","66719471,59"
China,Indonesia,Exportación,  All Products,exportación Valor del comercio (en miles de US$),"34341964,72","32117494,75","34757384,54","43191405,11",45648737,"40980976,64"
China,"Irán, Rep. Islámica del",Exportación,  All Products,exportación Valor del comercio (en miles de US$),"17770106,93","16417272,59","18584814,8","13939733,39","9589986,041","8491806,865"
China,Iraq,Exportación,  All Products,exportación Valor del comercio (en miles de US$),"7909228,953","7547857,704","8330414,675","7903323,801","9461322,795","10922539,88"
China,Irlanda,Exportación,  All Products,exportación Valor del comercio (en miles de US$),"2823161,216","2777719,907","2912629,195","3649884,548","3294170,794","3995892,367"
China,Isla Norfolk,Exportación,  All Products,exportación Valor del comercio (en miles de US$),,"2610,431","2230,313","1973,781","485,333","1967,507"
China,Islandia,Exportación,  All Products,exportación Valor del comercio (en miles de US$),"125021,992","134124,165","111826,411","255576,581","114872,033","100876,532"
China,Islas Caimán,Exportación,  All Products,exportación Valor del comercio (en miles de US$),"60943,506","169063,006","256971,751","101160,758","38305,754","36581,567"
China,Islas Cook,Exportación,  All Products,exportación Valor del comercio (en miles de US$),"14289,022","3190,209","7419,09","5186,613","42652,721","5485,041"
China,Islas Feroe,Exportación,  All Products,exportación Valor del comercio (en miles de US$),"59156,56","1731,393","2069,693","2667,05","4150,653","1348,946"
China,Islas Marshall,Exportación,  All Products,exportación Valor del comercio (en miles de US$),"3403806,561","3950779,262","3096407,943","2165449,309","2383336,287","3284614,255"
China,Islas Salomón,Exportación,  All Products,exportación Valor del comercio (en miles de US$),"80604,803","86515,494","92581,912","118241,185","98256,69","116601,727"
China,Islas Turcas y Caicos,Exportación,  All Products,exportación Valor del comercio (en miles de US$),"744,662","888,356","2714,649","3006,764","3024,678","3310,827"
China,Islas Vírgenes Británicas,Exportación,  All Products,exportación Valor del comercio (en miles de US$),"424177,002","37106,613","11844,073","36815,902","10361,648","8905,427"
China,Islas Wallis y Futuna,Exportación,  All Products,exportación Valor del comercio (en miles de US$),"754,884","770,335","304,338","293,991","714,898","880,802"
China,Israel,Exportación,  All Products,exportación Valor del comercio (en miles de US$),"8615948,86","8174292,923","8918466,72","9274415,805","9614963,788","11253576,12"
China,Italia,Exportación,  All Products,exportación Valor del comercio (en miles de US$),"27834410,42","26360471,72","29199961,82","33171610,39","33519784,05","32914226,69"
China,Jamaica,Exportación,  All Products,exportación Valor del comercio (en miles de US$),"625374,431","505959,244","516573,649","583319,44","670704,363","630460,133"
China,Japón,Exportación,  All Products,exportación Valor del comercio (en miles de US$),"135616442,8","129268487,4","137258933,3","147048752,8","143244518,4","142596624,7"
China,Jordania,Exportación,  All Products,exportación Valor del comercio (en miles de US$),"3424402,679","2954400,451","2803608,942","2969485,486","3677916,011","3181485,595"
China,Kazajstán,Exportación,  All Products,exportación Valor del comercio (en miles de US$),"8441240,875","8292320,845","11564442,93","11351714,31","12729100,68","11703034,9"
China,Kenya,Exportación,  All Products,exportación Valor del comercio (en miles de US$),"5914315,875","5587646,821","5034650,207","5197200,781","5009266,265","5409543,026"
China,Kirguistán,Exportación,  All Products,exportación Valor del comercio (en miles de US$),"4282122,824","5605425,556","5336808,026","5556792,814","6280519,944","2865336,494"
China,Kiribati,Exportación,  All Products,exportación Valor del comercio (en miles de US$),"42462,588","24818,099","15398,399","17835,689","20159,85","24408,644"
China,Kuwait,Exportación,  All Products,exportación Valor del comercio (en miles de US$),"3772671,285","3000886,535","3112773,877","3312647,899","3836319,571","3547783,697"
China,Lesotho,Exportación,  All Products,exportación Valor del comercio (en miles de US$),"83180,46","54701,172","61300,65","64138,814","72033,842","59382,361"
China,Letonia,Exportación,  All Products,exportación Valor del comercio (en miles de US$),"1022505,75","1062374,292","1148242,366","1166088,455","1093585,683","1052331,713"
China,Líbano,Exportación,  All Products,exportación Valor del comercio (en miles de US$),"2285530,495","2100338,023","2010610,88","1969283,583","1679599,486","945620,312"
China,Liberia,Exportación,  All Products,exportación Valor del comercio (en miles de US$),"1356880,364","1592580,573","2103670,654","1954481,823","3902254,816","3401408,862"
China,Libia,Exportación,  All Products,exportación Valor del comercio (en miles de US$),"1892016,554","1184612,556","1027969,894","1428232,614","2451592,741","1880409,436"
China,Lituania,Exportación,  All Products,exportación Valor del comercio (en miles de US$),"1210902,623","1290938,626","1600274,355","1762954,944","1697644,892","1807600,483"
China,Luxemburgo,Exportación,  All Products,exportación Valor del comercio (en miles de US$),"2323177,713","1255404,939","700940,27","805571,722","1550200,562","949472,692"
China,Macao,Exportación,  All Products,exportación Valor del comercio (en miles de US$),"4590578,446","3140991,372","3168949,08","3151554,166","3082657,704","2279447,687"
China,Macedonia del Norte,Exportación,  All Products,exportación Valor del comercio (en miles de US$),"86532,159","90046,619","78041,448","105743,973","134827,02","156794,594"
China,Madagascar,Exportación,  All Products,exportación Valor del comercio (en miles de US$),"865235,356","942957,351","1007487,26","1010076,596","1072546,44","997650,386"
China,Malasia,Exportación,  All Products,exportación Valor del comercio (en miles de US$),"43980386,75","37660220,75","41712282,7","45375989,58","52141790,59","56300820,69"
China,Malawi,Exportación,  All Products,exportación Valor del comercio (en miles de US$),"245961,97","228239,418","261944,326","221601,751","260048,133","218482,802"
China,Maldivas,Exportación,  All Products,exportación Valor del comercio (en miles de US$),"172648,094","320702,236","295626,356","396173,017","347985,885","275699,565"
China,Malí,Exportación,  All Products,exportación Valor del comercio (en miles de US$),"270427,606","366645,856","337247,558","345506,314","435101,13","468440,643"
China,Malta,Exportación,  All Products,exportación Valor del comercio (en miles de US$),"2379970,955","1565587,071","2095942,391","1431997,634","1159831,724","1367803,891"
China,Marruecos,Exportación,  All Products,exportación Valor del comercio (en miles de US$),"2897184,38","3078776,968","3176226,241","3680912,932","4034544,667","4173568,337"
China,Mauricio,Exportación,  All Products,exportación Valor del comercio (en miles de US$),"841102,768","758222,187","762149,251","804175,97","806389,484","699954,112"
China,Mauritania,Exportación,  All Products,exportación Valor del comercio (en miles de US$),"801372,996","869707,175","859154,381","1036857,652","1025918,095","740086,971"
China,México,Exportación,  All Products,exportación Valor del comercio (en miles de US$),"33791755,14","32356651,53",35905387,"44009918,08","46382164,51","44827693,17"
China,"Micronesia, Estados Fed. de",Exportación,  All Products,exportación Valor del comercio (en miles de US$),"12111,04","14174,103","26286,988","18541,439","18645,796","20865,628"
China,Mongolia,Exportación,  All Products,exportación Valor del comercio (en miles de US$),"1570701,173","988539,201","1235611,572","1644889,011","1826589,978","1618062,436"
China,Montenegro,Exportación,  All Products,exportación Valor del comercio (en miles de US$),"134147,473","108327,938","132455,707","178096,766","113816,509","113158,079"
China,Montserrat,Exportación,  All Products,exportación Valor del comercio (en miles de US$),"492,739","339,45","220,992","335,279","419,097","404,44"
China,Mozambique,Exportación,  All Products,exportación Valor del comercio (en miles de US$),"1938023,358","1308557,797","1306746,135","1861780,97","1957695,041","2000068,552"
China,Myanmar,Exportación,  All Products,exportación Valor del comercio (en miles de US$),"9650911,459","8187651,272","8948464,266","10547768,5","12310992,45","12547510,39"
China,Namibia,Exportación,  All Products,exportación Valor del comercio (en miles de US$),"489914,924","268488,386","272141,118","323711,07","198173,902","223111,836"
China,Nauru,Exportación,  All Products,exportación Valor del comercio (en miles de US$),"1808,032","1403,9","422,802","1911,171","1226,911","1939,304"
China,Nepal,Exportación,  All Products,exportación Valor del comercio (en miles de US$),"832705,292","866127,148","966954,543","1077367,657","1482477,643","1167416,175"
China,Nicaragua,Exportación,  All Products,exportación Valor del comercio (en miles de US$),"666244,686","624096,977","624142,254","473995,02","502071,632","486433,979"
China,Níger,Exportación,  All Products,exportación Valor del comercio (en miles de US$),"173348,405","100766,23","97876,055","116256,818","287335,09","303134,674"
China,Nigeria,Exportación,  All Products,exportación Valor del comercio (en miles de US$),"13701240,18","9713912,553","12153161,39","13404782,45","16622615,02","16787426,63"
China,No especificados ,Exportación,  All Products,exportación Valor del comercio (en miles de US$),"18735,12","1185583,784","30490,552","20584,241","44160,794","16977,648"
China,Noruega,Exportación,  All Products,exportación Valor del comercio (en miles de US$),"2856797,354","2599921,22","2488990,846","2650995,369","3448822,425","3533992,229"
China,Nueva Caledonia,Exportación,  All Products,exportación Valor del comercio (en miles de US$),"102920,05","85454,766","85329,849","134093,699","156063,53","121934,946"
China,Nueva Zelandia,Exportación,  All Products,exportación Valor del comercio (en miles de US$),"4919059,557","4762004,124","5100102,859","5774696,085","5736304,819","6052987,515"
China,Omán,Exportación,  All Products,exportación Valor del comercio (en miles de US$),"2116393,034","2147698,465","2316452,581","2864610,829","3020944,207","3076466,083"
China,"Otra zona de Asia, no esp.",Exportación,  All Products,exportación Valor del comercio (en miles de US$),"44893438,16","40235442,24","43983206,35","48660642,73","55153292,55","60168117,62"
China,Países Bajos,Exportación,  All Products,exportación Valor del comercio (en miles de US$),"59453380,17","57447210,22","67131666,96","72834750,64","73978795,55","79006012,37"
China,Pakistán,Exportación,  All Products,exportación Valor del comercio (en miles de US$),"16441888,41","17232654,06","18250788,59","16933316,65","16166921,09","15357592,99"
China,Palau,Exportación,  All Products,exportación Valor del comercio (en miles de US$),"19029,027","19169,577","16833,96","13725,828","18625,81","24083,789"
China,Panamá,Exportación,  All Products,exportación Valor del comercio (en miles de US$),"8518883,418","6343226,427","6626968,671","6940132,111","7944500,688","8793631,441"
China,Papua Nueva Guinea,Exportación,  All Products,exportación Valor del comercio (en miles de US$),"986996,837","647826,329","774994,301","785575,404","800430,424","922820,429"
China,Paraguay,Exportación,  All Products,exportación Valor del comercio (en miles de US$),"1267967,171","1169393,366","1560563,591","1671047,147","1432117,001","1216925,093"
China,Perú,Exportación,  All Products,exportación Valor del comercio (en miles de US$),"6354973,884","5989776,624","6958865,007","8064691,821","8513082,009","8865725,945"
China,Polinesia Francesa,Exportación,  All Products,exportación Valor del comercio (en miles de US$),"94694,177","54284,843","62398,195","77598,602","99674,062","100192,26"
China,Polonia,Exportación,  All Products,exportación Valor del comercio (en miles de US$),"14344871,7","15094067,05","17873049,96","20876212,49","23880107,36","26730657,67"
China,Portugal,Exportación,  All Products,exportación Valor del comercio (en miles de US$),"2894923,138","4002119,526","3445214,944","3750198,143","4366438,258","4180565,068"
China,Qatar,Exportación,  All Products,exportación Valor del comercio (en miles de US$),"2275641,175","1515659,122","1682329,963","2482414,272","2409678,189","2631009,7"
China,Reino Unido,Exportación,  All Products,exportación Valor del comercio (en miles de US$),"59567065,46","55664076,1","56713517,33","56542925,41","62425024,43","72561343,66"
China,República Árabe Siria,Exportación,  All Products,exportación Valor del comercio (en miles de US$),"1022573,397","915256,738","1102814,096","1272771,864","1313807,451","833516,7"
China,República Centroafricana,Exportación,  All Products,exportación Valor del comercio (en miles de US$),"13518,226","15462,731","12962,438","18937,226","25660,365","27963,792"
China,República Checa,Exportación,  All Products,exportación Valor del comercio (en miles de US$),"8226132,073","8058523,909","8792969,695","11909582,97","12973042,72","13737631,31"
China,República de Moldova,Exportación,  All Products,exportación Valor del comercio (en miles de US$),"99955,411","76628,05","97915,867","108694,736","129312,171","145799,105"
China,República Democrática Popular Lao,Exportación,  All Products,exportación Valor del comercio (en miles de US$),"1225758,347","986966,609","1419351,176","1453994,918","1762453,821","1491277,597"
China,República Dominicana,Exportación,  All Products,exportación Valor del comercio (en miles de US$),"1557428,446","1566927,845","1702948,057","2108382,658","2390427,684","2493940,299"
China,República Eslovaca,Exportación,  All Products,exportación Valor del comercio (en miles de US$),"2794467,68","2861362,255","2729478,548","2535850,03","2923824,133","3031506,137"
China,Rumania,Exportación,  All Products,exportación Valor del comercio (en miles de US$),"3162240,075","3447669,471","3777960,251","4507105,972","4573438,493","5126383,639"
China,Rwanda,Exportación,  All Products,exportación Valor del comercio (en miles de US$),"122274,281","108549,722","128668,606","165589,576","265074,997","282522,734"
China,Sahara Occidental,Exportación,  All Products,exportación Valor del comercio (en miles de US$),"397,472","189,119","1785,424","43,844","71,95","1455,619"
China,Saint Kitts y Nevis,Exportación,  All Products,exportación Valor del comercio (en miles de US$),"10852,31","4193,547","8689,273","11538,742","9711,865","13483,9"
China,Samoa,Exportación,  All Products,exportación Valor del comercio (en miles de US$),"62265,802","69562,71","63880,532","70608,967","87846,76","87306,465"
China,San Marino,Exportación,  All Products,exportación Valor del comercio (en miles de US$),"4301,316","4753,93","5552,452","3704,418","3861,037","6649,452"
China,San Pedro y Miquelón,Exportación,  All Products,exportación Valor del comercio (en miles de US$),"120,522","7,702","40,309",16,"65,535","385,804"
China,San Vicente y las Granadinas,Exportación,  All Products,exportación Valor del comercio (en miles de US$),"37117,718","17472,653","42090,231","36963,241","21291,5","10189,158"
China,Santa Lucía,Exportación,  All Products,exportación Valor del comercio (en miles de US$),"18292,331","16917,768","15917,229","18859,327","21559,712","23346,829"
China,Santa Sede,Exportación,  All Products,exportación Valor del comercio (en miles de US$),"1,821","286,357","83,676","6,549","146,134","726,397"
China,Santo Tomé y Príncipe,Exportación,  All Products,exportación Valor del comercio (en miles de US$),"5956,741","6404,491","6901,858","7255,124","8920,559","20313,472"
China,Senegal,Exportación,  All Products,exportación Valor del comercio (en miles de US$),"2190531,553","2194360,63","2040713,466","2142850,855","2211022,084","2563934,081"
China,"Serbia, Rep. Fed. de (Serbia y Montenegro)",Exportación,  All Products,exportación Valor del comercio (en miles de US$),"415096,978","431315,188","545639,029","728300,955","1032967,143","1624339,452"
China,Seychelles,Exportación,  All Products,exportación Valor del comercio (en miles de US$),"57626,174","55600,853","48824,2","61327,471","65646,954","57669,983"
China,Sierra Leona,Exportación,  All Products,exportación Valor del comercio (en miles de US$),"276560,552","242117,793","242430,892","253022,227","313540,796","371371,821"
China,Singapur,Exportación,  All Products,exportación Valor del comercio (en miles de US$),"51942439,61","44495953,06","45019300,48","49042623,66","54798488,3","57624786,43"
China,Somalia,Exportación,  All Products,exportación Valor del comercio (en miles de US$),"298118,241","391942,642","473500,499","635452,079","731381,515","892584,586"
China,Sri Lanka,Exportación,  All Products,exportación Valor del comercio (en miles de US$),"4304045,37","4286880,1","4087995,801","4255048,856","4090606,391","3842700,338"
China,Sudáfrica,Exportación,  All Products,exportación Valor del comercio (en miles de US$),"15857921,95","12849507,64","14808766,63","16248380,73","16542941,88","15238825,62"
China,Sudán,Exportación,  All Products,exportación Valor del comercio (en miles de US$),"2394502,823","2129730,001","2221759,883","1880402,233","2289681,192","2511410,872"
China,Sudán del Sur,Exportación,  All Products,exportación Valor del comercio (en miles de US$),"155445,271","46253,291","51942,094","77165,418","122242,186","156082,888"
China,Suecia,Exportación,  All Products,exportación Valor del comercio (en miles de US$),"7098551,344","6309694,691","7025726,412","8190858,693","8537756,003","8368156,185"
China,Suiza,Exportación,  All Products,exportación Valor del comercio (en miles de US$),"3195333,673","3198285,713","3206730,094","4067598,648","4597730,847","5091730,421"
China,Suriname,Exportación,  All Products,exportación Valor del comercio (en miles de US$),"199205,424","136673,629","177548,596","214859,758","234528,148","221329,106"
China,Tailandia,Exportación,  All Products,exportación Valor del comercio (en miles de US$),"38290804,02","37182731,17","38541726,59","42878717,31","45584838,93","50513175,95"
China,Tanzanía,Exportación,  All Products,exportación Valor del comercio (en miles de US$),"4278864,54","3566861,307","3119554,166","3583139,97","3811416,296","4174266,144"
China,Tayikistán,Exportación,  All Products,exportación Valor del comercio (en miles de US$),"1795387,872","1725083,792","1301374,985","1429081,839","1590067,934","1016829,933"
China,Territorio Palestino Ocupado,Exportación,  All Products,exportación Valor del comercio (en miles de US$),"69244,916","59307,575","69058,497","73360,727","82144,356","100455,872"
China,Timor Oriental,Exportación,  All Products,exportación Valor del comercio (en miles de US$),"104529,645","164272,8","132596,622","132389,717","142948,758","191272,397"
China,Togo,Exportación,  All Products,exportación Valor del comercio (en miles de US$),"2180165,797","1919246,636","1886345,956","1989244,98","2130751,253","2459152,639"
China,Tonga,Exportación,  All Products,exportación Valor del comercio (en miles de US$),"27012,156","30310,622","27942,465","24947,018","29442,677","33718,773"
China,Trinidad y Tobago,Exportación,  All Products,exportación Valor del comercio (en miles de US$),"478310,04","346002,359","429891,127","347128,08","363501,691","341200,026"
China,Túnez,Exportación,  All Products,exportación Valor del comercio (en miles de US$),"1237428,731","1295839,939","1327986,91","1414600,349","1364201,748","1427658,168"
China,Turkmenistán,Exportación,  All Products,exportación Valor del comercio (en miles de US$),"815468,646","338478,864","368116,552","316925,319","430853,257","443488,588"
China,Turquía,Exportación,  All Products,exportación Valor del comercio (en miles de US$),"18607841,07","16686640,52","18121507,52",17788595,"17323704,71","20346420,26"
China,Tuvalu,Exportación,  All Products,exportación Valor del comercio (en miles de US$),"11873,625","5625,114","18346,663","12424,857","21737,807","16141,022"
China,Ucrania,Exportación,  All Products,exportación Valor del comercio (en miles de US$),"3515713,254","4216952,797","5040644,515","7018501,72","7399574,556","6877930,394"
China,Uganda,Exportación,  All Products,exportación Valor del comercio (en miles de US$),"553400,101","823682,295","777367,201","706396,348","740648,831","790287,287"
China,Uruguay,Exportación,  All Products,exportación Valor del comercio (en miles de US$),"1960565,013","1772730,911","2151523,503","2064424,755","1948990,863","1703048,066"
China,Uzbekistán,Exportación,  All Products,exportación Valor del comercio (en miles de US$),"2228760,931","2007463,677","2749423,215","3944730,748","5032088,425","5138707,661"
China,Vanuatu,Exportación,  All Products,exportación Valor del comercio (en miles de US$),"70308,779","63713,672","65585,242","63418,315","77252,088","72411,508"
China,Venezuela,Exportación,  All Products,exportación Valor del comercio (en miles de US$),"5315771,972","2518912,818","1746405,111","1145790,083","1540075,399","1518839,399"
China,Viet Nam,Exportación,  All Products,exportación Valor del comercio (en miles de US$),"66017019,78","61094096,78","71617248,16","83876687,84","97868882,17","113815239,4"
China,"Yemen, Rep. del",Exportación,  All Products,exportación Valor del comercio (en miles de US$),"1429967,84","1692345,314","1643037,967","1874607,943","2819028,984","2881276,798"
China,Zambia,Exportación,  All Products,exportación Valor del comercio (en miles de US$),"552068,957","489913,911","709467,936","969490,544","970348,92","681338,999"
China,Zimbabwe,Exportación,  All Products,exportación Valor del comercio (en miles de US$),"543323,04","387485,5","443819,338","445675,508","368804,693","524709,487"